{"renderMethod":"DEFAULT","encodingPreset":"MP4_CUSTOM","videoWidth":1920,"videoHeight":1080,"framesPerSecond":60,"bitRate":20971520,"outputFile":"C:\\Users\\Danedane\\AppData\\Roaming\\com.modrinth.theseus\\profiles\\SuperZekes_s PvP Pack\\.\\replay_videos","renderNameTags":true,"includeAlphaChannel":false,"stabilizeYaw":false,"stabilizePitch":false,"stabilizeRoll":false,"sphericalFovX":360,"sphericalFovY":180,"injectSphericalMetadata":false,"depthMap":false,"cameraPathExport":false,"antiAliasing":"NONE","exportCommand":"","exportArguments":"","exportArgumentsBgra":"-y -f rawvideo -pix_fmt bgra -s %WIDTH%x%HEIGHT% -r %FPS% -i - %FILTERS%-an -c:v libx264 -b:v %BITRATE% -pix_fmt yuv420p \"%FILENAME%\"","highPerformance":false}